filename;violations
Report_-API.md;55
Report_1Forge-Finance-APIs.md;2
Report_500,000-Recipe-and-Grocery-Li.md;63
Report_Abusive-Experience-Report-API.md;3
Report_Accelerated-Mobile-Pages-(AMP).md;5
Report_Access-Analyzer.md;204
Report_Access-Approval-API.md;19
Report_Access-Context-Manager-API.md;14
Report_Account-and-Transaction-API-Sp.md;96
Report_Account-API.md;9
Report_Accountants-General,-Tripura.md;4
Report_Accounts-API.md;9
Report_ACE-Provisioning-ManagementPar.md;9
Report_Acko-General-Insurance-Limited.md;4
Report_Ad-Exchange-Buyer-API-II.md;113
Report_Ad-Exchange-Buyer-API.md;74
Report_Ad-Experience-Report-API.md;3
Report_Adafruit-IO-REST-API.md;325
Report_ADHybridHealthService.md;232
Report_Admin-SDK-API.md;21
Report_AdMob-API.md;16
Report_AdSense-Host-API.md;42
Report_AdSense-Management-API.md;55
Report_Advicent.FactFinderService.md;717
Report_AdvisorManagementClient.md;40
Report_Adyen-BinLookup-API.md;6
Report_Adyen-Checkout-API.md;17
Report_Adyen-Checkout-Utility-Service.md;5
Report_Adyen-for-Platforms-Account-A.md;34
Report_Adyen-for-Platforms-Fund-API.md;2
Report_Adyen-for-Platforms-Hosted-On.md;6
Report_Adyen-for-Platforms-Notificat.md;13
Report_Adyen-Payment-API.md;10
Report_Adyen-Payout-API.md;1
Report_Adyen-Recurring-API.md;4
Report_Adyen-Test-Cards-API.md;1
Report_Afterbanks-API.md;3
Report_AGCO-API.md;216
Report_agentOS-Api-V2,-Customer-Login.md;40
Report_Agricultural-Scientists-Recrui.md;2
Report_AI-Platform-Training--Predict.md;74
Report_AIception-Interactive.md;40
Report_AIIMS,-Patna.md;2
Report_AIIMS-Mangalagiri.md;2
Report_AIIMS-Rishikesh.md;2
Report_Airbyte-Configuration-API.md;481
Report_Airports-API-v2.md;10
Report_airportsapi.md;3
Report_Akeneo-PIM-REST-API.md;182
Report_Alexa-For-Business.md;491
Report_AltoroJ-REST-API.md;53
Report_Amazon-API-Gateway.md;816
Report_Amazon-AppConfig.md;196
Report_Amazon-Appflow.md;164
Report_Amazon-AppIntegrations-Service.md;89
Report_Amazon-AppStream.md;466
Report_Amazon-Athena.md;385
Report_Amazon-Augmented-AI-Runtime.md;32
Report_Amazon-Chime.md;1702
Report_Amazon-CloudDirectory.md;877
Report_Amazon-CloudFront.md;907
Report_Amazon-CloudHSM.md;132
Report_Amazon-CloudSearch-Domain.md;14
Report_Amazon-CloudSearch.md;376
Report_Amazon-CloudWatch-Application-.md;185
Report_Amazon-CloudWatch-Events.md;361
Report_Amazon-CloudWatch-Logs.md;418
Report_Amazon-CloudWatch.md;428
Report_Amazon-CodeGuru-Profiler.md;133
Report_Amazon-CodeGuru-Reviewer.md;86
Report_Amazon-Cognito-Identity-Provid.md;1176
Report_Amazon-Cognito-Identity.md;224
Report_Amazon-Cognito-Sync.md;126
Report_Amazon-Comprehend.md;769
Report_Amazon-Connect-Contact-Lens.md;9
Report_Amazon-Connect-Customer-Profil.md;257
Report_Amazon-Connect-Participant-Ser.md;62
Report_Amazon-Connect-Service.md;1369
Report_Amazon-Data-Lifecycle-Manager.md;37
Report_Amazon-Detective.md;183
Report_Amazon-DevOps-Guru.md;207
Report_Amazon-DocumentDB-with-MongoDB.md;712
Report_Amazon-DynamoDB-Accelerator-(D.md;195
Report_Amazon-DynamoDB-Streams.md;32
Report_Amazon-DynamoDB.md;439
Report_Amazon-EC2-Container-Registry.md;372
Report_Amazon-EC2-Container-Service.md;473
Report_Amazon-Elastic-Block-Store.md;51
Report_Amazon-Elastic-Container-Regis.md;204
Report_Amazon-Elastic-File-System.md;204
Report_Amazon-Elastic-Inference.md;28
Report_Amazon-Elastic-Kubernetes-Serv.md;241
Report_Amazon-Elastic-Transcoder.md;129
Report_Amazon-ElastiCache.md;1089
Report_Amazon-Elasticsearch-Service.md;385
Report_Amazon-EMR-Containers.md;78
Report_Amazon-EMR.md;291
Report_Amazon-EventBridge.md;393
Report_Amazon-Forecast-Query-Service.md;18
Report_Amazon-Forecast-Service.md;423
Report_Amazon-Fraud-Detector.md;644
Report_Amazon-FSx.md;406
Report_Amazon-GameLift.md;865
Report_Amazon-Glacier.md;213
Report_Amazon-GuardDuty.md;265
Report_Amazon-HealthLake.md;99
Report_Amazon-Honeycode.md;143
Report_Amazon-Inspector.md;306
Report_Amazon-Interactive-Video-Servi.md;194
Report_Amazon-Kinesis-Analytics.md;293
Report_Amazon-Kinesis-Firehose.md;94
Report_Amazon-Kinesis-Video-Signaling.md;17
Report_Amazon-Kinesis-Video-Streams-A.md;58
Report_Amazon-Kinesis-Video-Streams-M.md;9
Report_Amazon-Kinesis-Video-Streams.md;209
Report_Amazon-Kinesis.md;286
Report_Amazon-Lex-Model-Building-Serv.md;273
Report_Amazon-Lex-Model-Building-V2.md;526
Report_Amazon-Lex-Runtime-Service.md;44
Report_Amazon-Lex-Runtime-V2.md;42
Report_Amazon-Lightsail.md;1763
Report_Amazon-Location-Service.md;418
Report_Amazon-Lookout-for-Equipment.md;309
Report_Amazon-Lookout-for-Metrics.md;244
Report_Amazon-Lookout-for-Vision.md;188
Report_Amazon-Machine-Learning.md;215
Report_Amazon-Macie.md;48
Report_Amazon-Managed-Blockchain.md;178
Report_Amazon-Mechanical-Turk.md;220
Report_Amazon-Mobile-Analytics.md;5
Report_Amazon-Neptune.md;908
Report_Amazon-Personalize-Events.md;13
Report_Amazon-Personalize-Runtime.md;7
Report_Amazon-Personalize.md;450
Report_Amazon-Pinpoint-Email-Service.md;242
Report_Amazon-Pinpoint-SMS-and-Voice-.md;46
Report_Amazon-Pinpoint.md;998
Report_Amazon-Polly.md;56
Report_Amazon-Prometheus-Service.md;152
Report_Amazon-QLDB-Session.md;9
Report_Amazon-QuickSight.md;1089
Report_Amazon-Redshift.md;1596
Report_Amazon-Rekognition.md;721
Report_Amazon-Relational-Database-Ser.md;1944
Report_Amazon-Route-53-Domains.md;266
Report_Amazon-Route-53-Resolver.md;589
Report_Amazon-Route-53.md;393
Report_Amazon-S3-on-Outposts.md;44
Report_Amazon-Sagemaker-Edge-Manager.md;15
Report_Amazon-SageMaker-Feature-Store.md;34
Report_Amazon-SageMaker-Runtime.md;13
Report_Amazon-SageMaker-Service.md;1446
Report_Amazon-Simple-Email-Service.md;473
Report_Amazon-Simple-Notification-Ser.md;715
Report_Amazon-Simple-Queue-Service.md;258
Report_Amazon-Simple-Storage-Service.md;211
Report_Amazon-Simple-Systems-Manager-.md;1030
Report_Amazon-Simple-Workflow-Service.md;237
Report_Amazon-SimpleDB.md;80
Report_Amazon-Textract.md;168
Report_Amazon-Timestream-Query.md;132
Report_Amazon-Timestream-Write.md;203
Report_Amazon-Transcribe-Service.md;302
Report_Amazon-Translate.md;170
Report_Amazon-WorkDocs.md;372
Report_Amazon-WorkLink.md;224
Report_Amazon-WorkMail-Message-Flow.md;8
Report_Amazon-WorkMail.md;668
Report_Amazon-WorkSpaces.md;472
Report_AmazonApiGatewayManagementApi.md;14
Report_AmazonApiGatewayV2.md;328
Report_AmazonMQ.md;126
Report_AmazonMWAA.md;46
Report_AmazonNimbleStudio.md;451
Report_Analytics-Hub-API.md;30
Report_Analytics-Reporting-API.md;10
Report_Andaman-Law-College,-Andaman-.md;2
Report_Android-Device-Provisioning-Pa.md;38
Report_Android-Management-API.md;28
Report_Annunciator-content-API.md;7
Report_Anomaly-Detector-Client.md;9
Report_Anomaly-Finder-Client.md;6
Report_Antyodaya-Saral-Haryana,-Harya.md;2
Report_API-Client.md;43
Report_API-Discovery-Service.md;1
Report_Api-Documentation.md;23
Report_API-Endpoints.md;112
Report_API-for-the-COVID-19-Tracking-.md;13
Report_API-for-the-Settlement-Currenc.md;13
Report_API-Gateway-API.md;24
Report_API-iSendPro.md;13
Report_API-Keys-API.md;17
Report_API-v1.0.0.md;118
Report_API-V1.md;43
Report_api.clarify.io.md;66
Report_api.datumbox.com.md;57
Report_api.ecota.co-v2.md;43
Report_API.md;73
Report_api.video.md;58
Report_Api2Pdf---PDF-Generation,-Powe.md;7
Report_ApiDapp.md;26
Report_Apigee-API.md;231
Report_Apigee-Registry-API.md;60
Report_ApiManagementClient.md;10
Report_APOD.md;5
Report_App-Engine-Admin-API.md;94
Report_App-Store-Connect-API.md;444
Report_AppConfigurationManagementClie.md;46
Report_Application-Auto-Scaling.md;101
Report_Application-Insights-Data-Plane.md;17
Report_Application-Integration-API.md;79
Report_Application-Migration-Service.md;373
Report_ApplicationClient.md;48
Report_ApplicationInsightsManagementC.md;12
Report_AppPlatformManagementClient.md;77
Report_Apps-Script-API.md;30
Report_AppServiceCertificateOrders-AP.md;50
Report_AppServiceEnvironments-API-Cli.md;90
Report_AppServicePlans-API-Client.md;64
Report_AppVeyor-REST-API.md;62
Report_Appwrite.md;160
Report_Archive-API.md;5
Report_Area120-Tables-API.md;27
Report_ART19-Content-API-Documentation.md;115
Report_Article-Rewriter-and-Article-E.md;8
Report_Article-Search-API.md;5
Report_Artifact-Registry-API.md;44
Report_Artifact.md;78
Report_Asana.md;140
Report_Assam-State-Board-of-Secondary.md;2
Report_Assured-Workloads-API.md;28
Report_Asynchronous-Speech-To-Text-AP.md;7
Report_ATM-Locator-API.md;14
Report_AttestationClient.md;10
Report_Auckland-Museum-API.md;19
Report_Audit-API.md;0
Report_Authentication.md;4
Report_Authentiq-API.md;2
Report_AuthorizationManagementClient.md;14
Report_Authorized-Buyers-Marketplace-.md;76
Report_Authorized-Partner-API-Specifi.md;50
Report_Auto-Scaling.md;671
Report_Automata-Market-Intelligence-A.md;19
Report_AutomationManagement.md;17
Report_AutomationManagementClient.md;15
Report_AutoSuggest-Client.md;5
Report_Avaza-API-Documentation.md;180
Report_Aviation-Radiation-API.md;34
Report_AviationData.Systems-Airports-.md;13
Report_AWS-Amplify.md;213
Report_AWS-App-Mesh.md;329
Report_AWS-App-Runner.md;240
Report_AWS-Application-Cost-Profiler.md;32
Report_AWS-Application-Discovery-Serv.md;256
Report_AWS-AppSync.md;331
Report_AWS-Audit-Manager.md;323
Report_AWS-Auto-Scaling-Plans.md;45
Report_AWS-Backup.md;449
Report_AWS-Batch.md;119
Report_AWS-Budgets.md;223
Report_AWS-Certificate-Manager-Privat.md;204
Report_AWS-Certificate-Manager.md;122
Report_AWS-Cloud-Map.md;210
Report_AWS-Cloud9.md;130
Report_AWS-CloudFormation.md;564
Report_AWS-CloudHSM-V2.md;137
Report_AWS-CloudTrail.md;608
Report_AWS-CodeBuild.md;290
Report_AWS-CodeCommit.md;1344
Report_AWS-CodeDeploy.md;540
Report_AWS-CodePipeline.md;331
Report_AWS-CodeStar-connections.md;77
Report_AWS-CodeStar-Notifications.md;65
Report_AWS-CodeStar.md;148
Report_AWS-Comprehend-Medical.md;226
Report_AWS-Compute-Optimizer.md;237
Report_AWS-Config.md;642
Report_AWS-Cost-and-Usage-Report-Serv.md;24
Report_AWS-Cost-Explorer-Service.md;238
Report_AWS-Data-Exchange.md;172
Report_AWS-Data-Pipeline.md;141
Report_AWS-Database-Migration-Service.md;439
Report_AWS-DataSync.md;249
Report_AWS-Device-Farm.md;670
Report_AWS-Direct-Connect.md;370
Report_AWS-Directory-Service.md;683
Report_AWS-EC2-Instance-Connect.md;24
Report_AWS-Elastic-Beanstalk.md;435
Report_AWS-Elemental-MediaConvert.md;225
Report_AWS-Elemental-MediaLive.md;511
Report_AWS-Elemental-MediaPackage-VOD.md;115
Report_AWS-Elemental-MediaPackage.md;128
Report_AWS-Elemental-MediaStore-Data-.md;18
Report_AWS-Elemental-MediaStore.md;166
Report_AWS-Fault-Injection-Simulator.md;44
Report_AWS-Global-Accelerator.md;443
Report_AWS-Glue-DataBrew.md;172
Report_AWS-Glue.md;1690
Report_AWS-Greengrass.md;279
Report_AWS-Ground-Station.md;145
Report_AWS-Health-APIs-and-Notificati.md;77
Report_AWS-Identity-and-Access-Manage.md;2158
Report_AWS-IoT-1-Click-Devices-Service.md;70
Report_AWS-IoT-1-Click-Projects-Servi.md;72
Report_AWS-IoT-Analytics.md;219
Report_AWS-IoT-Core-Device-Advisor.md;54
Report_AWS-IoT-Data-Plane.md;61
Report_AWS-IoT-Events-Data.md;81
Report_AWS-IoT-Events.md;184
Report_AWS-IoT-Fleet-Hub.md;40
Report_AWS-IoT-Greengrass-V2.md;200
Report_AWS-IoT-Jobs-Data-Plane.md;30
Report_AWS-IoT-Secure-Tunneling.md;36
Report_AWS-IoT-SiteWise.md;471
Report_AWS-IoT-Things-Graph.md;270
Report_AWS-IoT-Wireless.md;754
Report_AWS-IoT.md;1718
Report_AWS-Key-Management-Service.md;539
Report_AWS-Lake-Formation.md;378
Report_AWS-Lambda.md;482
Report_AWS-License-Manager.md;516
Report_AWS-Marketplace-Catalog-Service.md;98
Report_AWS-Marketplace-Commerce-Analy.md;8
Report_AWS-Marketplace-Entitlement-Se.md;7
Report_AWS-MediaConnect.md;382
Report_AWS-MediaTailor.md;58
Report_AWS-Migration-Hub-Config.md;26
Report_AWS-Migration-Hub.md;203
Report_AWS-Mobile.md;67
Report_AWS-Network-Firewall.md;341
Report_AWS-Network-Manager.md;626
Report_AWS-OpsWorks-CM.md;141
Report_AWS-OpsWorks.md;512
Report_AWS-Organizations.md;660
Report_AWS-Outposts.md;139
Report_AWS-Performance-Insights.md;42
Report_AWS-Price-List-Service.md;43
Report_AWS-Proton.md;782
Report_AWS-RDS-DataService.md;49
Report_AWS-Resource-Access-Manager.md;362
Report_AWS-Resource-Groups-Tagging-API.md;68
Report_AWS-Resource-Groups.md;162
Report_AWS-RoboMaker.md;359
Report_AWS-S3-Control.md;204
Report_AWS-Savings-Plans.md;53
Report_AWS-Secrets-Manager.md;185
Report_AWS-Security-Token-Service.md;85
Report_AWS-SecurityHub.md;395
Report_AWS-Server-Migration-Service.md;337
Report_AWS-Service-Catalog-App-Regist.md;118
Report_AWS-Service-Catalog.md;546
Report_AWS-Shield.md;312
Report_AWS-Signer.md;116
Report_AWS-Single-Sign-On-Admin.md;345
Report_AWS-Single-Sign-On.md;32
Report_AWS-SSO-Identity-Store.md;181
Report_AWS-SSO-OIDC.md;26
Report_AWS-Step-Functions.md;181
Report_AWS-Storage-Gateway.md;600
Report_AWS-Support.md;93
Report_AWS-Systems-Manager-Incident-M.md;228
Report_AWS-Transfer-Family.md;509
Report_AWS-WAF-Regional.md;750
Report_AWS-WAF.md;718
Report_AWS-WAFV2.md;523
Report_AWS-Well-Architected-Tool.md;295
Report_AWS-X-Ray.md;163
Report_AWSKendraFrontendService.md;633
Report_AWSMarketplace-Metering.md;44
Report_AWSServerlessApplicationReposi.md;88
Report_Axesso-Api.md;15
Report_Azure-Action-Groups.md;21
Report_Azure-Activity-Log-Alerts.md;15
Report_Azure-Addons-Resource-Provider.md;11
Report_Azure-Alerts-Management-Servic.md;15
Report_Azure-Bot-Service.md;40
Report_Azure-CDN-WebApplicationFirewa.md;13
Report_Azure-Data-Catalog-Resource-Pr.md;8
Report_Azure-Data-Lake-Storage.md;13
Report_Azure-Data-Migration-Service-R.md;61
Report_Azure-Dedicated-HSM-Resource-P.md;14
Report_Azure-DevOps.md;20
Report_Azure-Enterprise-Knowledge-Gra.md;10
Report_Azure-IoT-Central.md;3
Report_Azure-Location-Based-Services-.md;27
Report_Azure-Log-Analytics---Operatio.md;32
Report_Azure-Log-Analytics-Query-Packs.md;14
Report_Azure-Log-Analytics.md;4
Report_Azure-Machine-Learning-Datasto.md;28
Report_Azure-Machine-Learning-Model-M.md;73
Report_Azure-Machine-Learning-Workspa.md;61
Report_Azure-Maps-Resource-Provider.md;29
Report_Azure-Media-Services.md;41
Report_Azure-Metrics.md;1
Report_Azure-Migrate-Hub.md;49
Report_Azure-Migrate-V2.md;68
Report_Azure-ML-Commitment-Plans-Mana.md;16
Report_Azure-ML-Web-Services-Manageme.md;14
Report_Azure-Monitor-Private-Link-Sco.md;39
Report_Azure-Reservation.md;16
Report_Azure-Resource-Graph-Query.md;12
Report_Azure-Resource-Graph.md;7
Report_Azure-SQL-Database-Backup-Long.md;6
Report_Azure-SQL-Database-Backup.md;9
Report_Azure-SQL-Database-Datamasking.md;7
Report_Azure-SQL-Database-disaster-re.md;15
Report_Azure-SQL-Database-replication.md;15
Report_Azure-SQL-Database.md;13
Report_Azure-SQL-Server-API-spec.md;3
Report_Azure-SQL-Server-Backup-Long-T.md;6
Report_Azure-Stack-Azure-Bridge-Client.md;18
Report_azureactivedirectory.md;16
Report_AzureAnalysisServices.md;48
Report_AzureBridgeAdminClient.md;10
Report_AzureDataManagementClient.md;23
Report_AzureDeploymentManager.md;55
Report_AzureDigitalTwinsManagementCli.md;34
Report_AzureStack-Azure-Bridge-Client.md;25
Report_Background-Removal-API.md;5
Report_Backup-for-GKE-API.md;41
Report_BackupManagementClient.md;9
Report_Bajaj-Allianz-General-Insuranc.md;9
Report_Bajaj-Allianz-Life-Insurance-C.md;3
Report_Balance-Platform-Transfers-API.md;0
Report_Bandsintown-API.md;1
Report_Barcode-API.md;7
Report_Bare-Metal-Solution-API.md;75
Report_BatchAI.md;77
Report_BatchManagement.md;80
Report_BatchService.md;91
Report_BBC-iPlayer-Business-Layer.md;14
Report_BBC-Nitro-API.md;49
Report_BC-Data-Catalogue-API.md;116
Report_BC-Geographical-Names-Web-Serv.md;49
Report_BC-Gov-News-API-Service-1.0.md;62
Report_BC-Laws.md;20
Report_BC-Route-Planner-REST-API.md;85
Report_Beanstream-Payments.md;5
Report_BeezUP-Merchant-API.md;521
Report_Benefits-Intake.md;10
Report_Betfair-Exchange-Streaming-API.md;0
Report_Betriebsstellen.md;3
Report_Bets-API.md;7
Report_BeyondCorp-API.md;41
Report_Bhagavad-Gita-API.md;35
Report_Bharti-AXA-General-Insurance-C.md;7
Report_Big-Red-Cloud-API.md;98
Report_BigQuery-API.md;54
Report_BigQuery-Connection-API.md;21
Report_BigQuery-Data-Transfer-API.md;29
Report_BigQuery-Reservation-API.md;30
Report_Bihar-State-Board-of-School-Ex.md;3
Report_Biju-Patnaik-University-Of-Tec.md;2
Report_BikeWise-API-v2.md;15
Report_Bill-Payment-Validator.md;1
Report_BillingManagementClient.md;296
Report_Billingo-API-v3.md;10
Report_Bills-API.md;37
Report_BIN-Lookup-API.md;8
Report_Binary-Authorization-API.md;23
Report_Bitbucket-API.md;400
Report_Blazemeter-API-Explorer.md;35
Report_BlockchainManagementClient.md;48
Report_Blogger-API.md;68
Report_BlueprintClient.md;24
Report_bng2latlong.md;1
Report_Board-of-Ayurvedic-and-Unani-S.md;3
Report_BOARD-OF-HIGHER-SECONDARY-EXAM.md;2
Report_Board-of-Vocational-Higher-Sec.md;2
Report_Books-API.md;18
Report_Botify-API.md;83
Report_Box-Platform-API.md;533
Report_brainbi.md;43
Report_Braket.md;90
Report_Branch-Locator-API.md;16
Report_BrandLovers-Marketplace-API-V1.md;140
Report_Braze-Endpoints.md;126
Report_bridgedb-webservices.md;30
Report_Browse-API.md;88
Report_Browshot-API.md;40
Report_Budgea-API-Documentation.md;312
Report_Bufferapp.md;141
Report_Bulk-Data-Storage-System-Servi.md;32
Report_Bulk-WHOIS-API.md;13
Report_BulkSMS-JSON-REST-API.md;33
Report_bunq-API.md;209
Report_Bus-Route-and-Stop-Methods.md;20
Report_Business-Profile-Performance-A.md;9
Report_Calendar-API.md;59
Report_Call-Control-API.md;20
Report_CalorieNinjas.md;4
Report_Cambase.io.md;98
Report_Campaign-Manager-360-API.md;351
Report_Car-Configurator.md;114
Report_Car-Registration-API.md;4
Report_CarbonDoomsDay.md;9
Report_Catalog-API.md;14
Report_Catalog-Inventory.md;113
Report_CBB-v3-Scores.md;26
Report_CBB-v3-Stats.md;38
Report_CdnManagementClient.md;107
Report_Cenit-IO---REST-API-Specificat.md;99
Report_Central-Board-of-Secondary-Edu.md;18
Report_Certificate-Authority-API.md;23
Report_Certificate-Manager-API.md;31
Report_CertificateRegistrationProvide.md;5
Report_Certificates-API-Client.md;15
Report_CFB-v3-Scores.md;32
Report_Chaingateway.io.md;34
Report_Channel-4-API.md;186
Report_ChannelShipper--Royal-Mail-Pu.md;37
Report_Checks-API.md;43
Report_Chhattisgarh-State-Board-of-Se.md;3
Report_Chitkara-University.md;2
Report_Cholamandalam-MS-General-Insur.md;3
Report_Chomp-Food-Database-API-Docume.md;27
Report_Chrome-Management-API.md;38
Report_Chrome-Policy-API.md;63
Report_Chrome-UX-Report-API.md;7
Report_Chrome-Verified-Access-API.md;7
Report_CircleCI-REST-API.md;46
Report_CISCE.md;6
Report_Cisco-PSIRT-openVuln-API.md;71
Report_City-of-Surrey-Open511-API.md;9
Report_City-of-Surrey-Traffic-Loop-Co.md;8
Report_Civil-Supplies-Department,-Ker.md;2
Report_ClearBlade-API.md;463
Report_Clever-Cloud-API.md;534
Report_ClickMeter-API.md;328
Report_ClickSend-REST-API-v3.md;246
Report_Climate-FieldView-Platform-APIs.md;49
Report_climateKuul-live.md;56
Report_Cloud-Asset-API.md;6
Report_Cloud-AutoML-API.md;64
Report_Cloud-Billing-API.md;6
Report_Cloud-Billing-Budget-API.md;8
Report_Cloud-Build-API.md;11
Report_Cloud-Channel-API.md;105
Report_Cloud-Composer-API.md;24
Report_Cloud-Data-Fusion-API.md;43
Report_Cloud-Data-Loss-Prevention-(DL.md;49
Report_Cloud-Dataplex-API.md;73
Report_Cloud-Dataproc-API.md;82
Report_Cloud-Datastore-API.md;7
Report_Cloud-Debugger-API.md;24
Report_Cloud-Deployment-Manager-V2-API.md;77
Report_Cloud-DNS-API.md;76
Report_Cloud-Document-AI-API.md;58
Report_Cloud-Domains-API.md;68
Report_Cloud-Filestore-API.md;30
Report_Cloud-Firestore-API.md;16
Report_Cloud-Functions-API.md;32
Report_Cloud-Healthcare-API.md;172
Report_Cloud-Identity-API.md;84
Report_Cloud-Identity-Aware-Proxy-API.md;15
Report_Cloud-IDS-API.md;26
Report_Cloud-IoT-API.md;43
Report_Cloud-Key-Management-Service-(.md;72
Report_Cloud-Life-Sciences-API.md;13
Report_Cloud-Logging-API.md;77
Report_Cloud-Memorystore-for-Memcache.md;30
Report_Cloud-Monitoring-API.md;47
Report_Cloud-Natural-Language-API.md;20
Report_Cloud-OS-Login-API.md;12
Report_Cloud-Private-Catalog-Producer.md;43
Report_Cloud-Private-Catalog.md;10
Report_Cloud-Resource-Manager-API.md;63
Report_Cloud-RF-API.md;45
Report_Cloud-Run-Admin-API.md;37
Report_Cloud-Runtime-Configuration-API.md;28
Report_Cloud-Scheduler-API.md;20
Report_Cloud-Search-API.md;99
Report_Cloud-Shell-API.md;21
Report_Cloud-Source-Repositories-API.md;27
Report_Cloud-Spanner-API.md;99
Report_Cloud-Speech-to-Text-API.md;5
Report_Cloud-SQL-Admin-API.md;98
Report_Cloud-Storage-for-Firebase-API.md;13
Report_Cloud-Storage-JSON-API.md;45
Report_Cloud-Talent-Solution-API.md;38
Report_Cloud-Tasks-API.md;44
Report_Cloud-Testing-API.md;16
Report_Cloud-Text-to-Speech-API.md;13
Report_Cloud-Tool-Results-API.md;57
Report_Cloud-TPU-API.md;41
Report_Cloud-Trace-API.md;8
Report_Cloud-Translation-API.md;35
Report_Cloud-Video-Intelligence-API.md;4
Report_Cloud-Vision-API.md;25
Report_Clubhouse-API.md;134
Report_Cnab-Online.md;2
Report_Co-WIN-Certificate-API.md;5
Report_CodeArtifact.md;334
Report_CodeScan-API.md;2
Report_CognitiveServicesManagementCli.md;24
Report_Commerce-API.md;5
Report_CommerceManagementClient.md;4
Report_Common-Service-Centre-(CSC).md;3
Report_Commons-Votes-API.md;13
Report_Community-API.md;18
Report_CompanyAPI.md;13
Report_Compliance-API.md;19
Report_Compute-Admin-Client.md;11
Report_ComputeDiskAdminManagementClie.md;5
Report_ComputeManagementClient.md;4
Report_ComputeManagementConvenienceCl.md;5
Report_Computer-Vision-Client.md;12
Report_Computer-Vision.md;11
Report_ConfigCat-Public-Management-API.md;287
Report_Connectors-API.md;30
Report_ConsumptionManagementClient.md;89
Report_Contact-Center-AI-Insights-API.md;53
Report_Container-Analysis-API.md;40
Report_ContainerInstanceManagementCli.md;36
Report_ContainerRegistryManagementCli.md;25
Report_ContainerServiceClient.md;13
Report_Content-API-for-Shopping.md;214
Report_Content-Moderator-Client.md;92
Report_Contract.fit-API.md;576
Report_Control-API-v1.md;7
Report_Conversation-API.md;0
Report_CORE-API-v2.md;92
Report_Coronavirus-API.md;9
Report_Corrently.io.md;49
Report_Cosmos-DB.md;5
Report_CostManagementClient.md;25
Report_COVID-19-data-API.md;6
Report_CPCT-MAPIT,-Madhya-Pradesh.md;2
Report_Crediwatchs-Covid-APIs.md;7
Report_CRM-cards.md;12
Report_CROssBAR-Data-API.md;47
Report_Crucible.md;277
Report_CSGO-v3-Scores.md;28
Report_CSGO-v3-Stats.md;28
Report_Custom-Behavioral-Events-API.md;3
Report_Custom-Image-Search-Client.md;4
Report_Custom-Search-API.md;3
Report_Custom-Search-Client.md;4
Report_Custom-Vision-Prediction-Client.md;31
Report_Custom-Vision-Training-Client.md;81
Report_Custom-Workflow-Actions.md;35
Report_Customer-Lockbox.md;14
Report_CustomerInsightsManagementClie.md;162
Report_customproviders.md;26
Report_CyCAT.org-API.md;42
Report_D7SMS.md;8
Report_Dados-Abertos---API.md;32
Report_Data-API.md;59
Report_Data-Labeling-API.md;62
Report_Data-pipelines-API.md;17
Report_Data2CRM.API.md;641
Report_Database-Migration-API.md;51
Report_DataBoxEdgeManagementClient.md;127
Report_DataBoxManagementClient.md;42
Report_DatabricksClient.md;19
Report_DataFactoryManagementClient.md;221
Report_Dataflow-API.md;99
Report_Dataflow-Kit-Web-Scraper.md;5
Report_DataLakeAnalyticsAccountManage.md;67
Report_DataLakeAnalyticsCatalogManage.md;88
Report_DataLakeAnalyticsJobManagement.md;14
Report_DataLakeStoreAccountManagement.md;53
Report_DataLakeStoreFileSystemManagem.md;7
Report_Dataproc-Metastore-API.md;59
Report_DataShareManagementClient.md;113
Report_Datastream-API.md;45
Report_Daymet-Single-Pixel-Extraction.md;18
Report_Deal-API.md;23
Report_Dealer.md;15
Report_Debian-Code-Search.md;7
Report_Deed-API.md;5
Report_Deep-Art-Effects.md;10
Report_DeletedWebApps-API-Client.md;13
Report_Department-of-Agricultural-Mar.md;2
Report_Department-of-Empowerment-of-P.md;3
Report_Department-of-Food,-Public-Dis.md;2
Report_Department-of-Food-and-Civil-S.md;2
Report_Department-of-IT-and-BT,-Karna.md;4
Report_Department-of-IT-and-Communica.md;2
Report_Department-of-Labour,-Govt-of-.md;5
Report_Department-of-Legal-Metrology,.md;7
Report_Department-of-Pension-and-Pens.md;3
Report_Department-of-Registration--S.md;2
Report_Department-of-Sainik-Welfare,-.md;2
Report_departureboard.io-API.md;52
Report_DeploymentAdminClient.md;18
Report_DeploymentScriptsClient.md;20
Report_DeviceServices.md;19
Report_DevSpacesManagement.md;15
Report_DevTestLabsClient.md;314
Report_Diagnostics-API-Client.md;46
Report_Dialogflow-API.md;127
Report_DigiLocker-Issuer-APIs.md;9
Report_Digital-Asset-Links-API.md;7
Report_DigitalNZ-API.md;7
Report_Directorate-of-Economics-and-S.md;4
Report_Directorate-of-Information-Tec.md;22
Report_Directorate-of-Municipal-Admin.md;5
Report_Discourse-API-Documentation.md;204
Report_Discovery-API.md;54
Report_Discovery-Market-Research.md;11
Report_DiskResourceProviderClient.md;66
Report_Dispatch-API.md;1
Report_Display--Video-360-API.md;299
Report_DLx.md;43
Report_DnsManagementClient.md;19
Report_Doc-Converter.md;3
Report_Docker-Engine-API.md;444
Report_DocuSign-REST-API.md;579
Report_Domain-Services-Resource-Provi.md;9
Report_DomainRegistrationProvider-API.md;5
Report_Domains-API-Client.md;36
Report_Domains-Index-API.md;67
Report_Domains-RDAP-API.md;12
Report_Domains.md;7
Report_Dr.-A.-P.-J.-Abdul-Kalam-Techn.md;3
Report_Dr.-B.R.-Ambedkar-Institute-of.md;2
Report_Dr.-Babasaheb-Ambedkar-Researc.md;2
Report_Drive-Activity-API.md;5
Report_Drive-API.md;72
Report_Drive-Labels-API.md;28
Report_DriveBCs-Open511-API.md;9
Report_DropX.md;152
Report_dweet.io.md;52
Report_DynamicDocs.md;1
Report_Dynamics-Telemetry.md;4
Report_EasyPDFServer.md;2
Report_EC2-Image-Builder.md;599
Report_Ecosystem-API.md;1
Report_ecwid.md;435
Report_eDistrict-Andaman--Nicobar-Is.md;16
Report_eDistrict-Chandigarh,-Chandiga.md;6
Report_eDistrict-Himachal-Pradesh,-Hi.md;42
Report_eDistrict-Kerala,-Kerala.md;29
Report_eDistrict-Odisha,-Odisha.md;8
Report_eDistrict-Odisha-ServicePlus,-.md;9
Report_eDistrict-Uttar-Pradesh,-Uttar.md;8
Report_Einstein-Vision-and-Einstein-L.md;120
Report_Elastic-Load-Balancing.md;491
Report_elmah.io-API.md;140
Report_Email-Activity-(beta).md;481
Report_Employees-Provident-Fund-Orga.md;6
Report_eNanoMapper-database.md;43
Report_Engagement.ManagementClient.md;99
Report_EngagementFabric.md;27
Report_Enterprise-License-Manager-API.md;16
Report_Entertainment-Express-API.md;3
Report_Entity-Search-Client.md;4
Report_Error-Reporting-API.md;13
Report_Erskine-May-API.md;30
Report_eService-(eDistrict),-Arunacha.md;7
Report_ESG-Rating-Data.md;3
Report_Essential-Contacts-API.md;15
Report_Etherpad-API.md;68
Report_EtMDB-REST-API-v1.md;88
Report_ETSI-GS-MEC-010-2---Part-2-Ap.md;22
Report_EU-BON-UTIS.md;8
Report_Europeana-Search--Record-API.md;53
Report_EVE-Swagger-Interface.md;658
Report_EVEMarketer-Marketstat-API.md;14
Report_Eventarc-API.md;27
Report_EventGridManagementClient.md;95
Report_EventHub2018PreviewManagementC.md;59
Report_EventHubManagementClient.md;102
Report_Events-API.md;8
Report_Ex-Libris-APIs.md;41
Report_ExaVault.md;23
Report_ExchangeRate-API.md;1
Report_Execution-Service.md;18
Report_ExpressRouteCrossConnection-RE.md;32
Report_Extension-API.md;5
Report_External-Accounts-API.md;10
Report_Extpose.md;5
Report_Exude-API-Service.md;1
Report_FabricAdminClient.md;7
Report_Face-Client.md;126
Report_Fact-Check-Tools-API.md;11
Report_Facts-API.md;10
Report_Fahrplan-Free.md;2
Report_Fake-identity-generation-API.md;20
Report_Faretrotter-Travel-API.md;19
Report_FaSta---Station-Facilities-Sta.md;16
Report_FastAPI.md;3
Report_FeatureClient.md;13
Report_Feed-API.md;141
Report_Figshare-API.md;551
Report_Files.com-API.md;2699
Report_Files.md;40
Report_FinSpace-Public-API.md;227
Report_FinSpace-User-Environment-Mana.md;41
Report_Fire-Financial-Services-Busine.md;81
Report_Firebase-App-Check-API.md;78
Report_Firebase-Cloud-Messaging-API.md;4
Report_Firebase-Cloud-Messaging-Data-.md;3
Report_Firebase-Dynamic-Links-API.md;15
Report_Firebase-Hosting-API.md;29
Report_Firebase-Management-API.md;49
Report_Firebase-ML-API.md;10
Report_Firebase-Realtime-Database-API.md;17
Report_Firebase-Rules-API.md;18
Report_Firewall-Management-Service.md;363
Report_Fisheye-Crucible.md;281
Report_FishEye.md;68
Report_Fitness-API.md;31
Report_Flat-API.md;101
Report_Flickr-API-Schema.md;50
Report_Flight-Offers-Search.md;3
Report_Flinkster_API_NG.md;8
Report_Food,-Civil-Supplies-and-Consu.md;2
Report_Food-and-Supplies-Department,-.md;2
Report_Football-Prediction-API.md;10
Report_Form-Recognizer-Client.md;21
Report_FORTNITE-REST-API.md;17
Report_Frankie-Financial-API.md;58
Report_FraudLabs-Pro-Fraud-Detection.md;8
Report_FraudLabs-Pro-SMS-Verification.md;7
Report_FRC-Events.md;3
Report_Freesound.md;5
Report_FrontDoorManagementClient.md;50
Report_Fulfillment.com-APIv2.md;20
Report_Fun-Generators-API.md;5
Report_FunTranslations-API.md;63
Report_FunTranslations-Braille-API.md;4
Report_Furkot-Trips.md;4
Report_Future-Generali-Total-Insuranc.md;7
Report_GalleryManagementClient.md;11
Report_Game-Services-API.md;22
Report_Gateway-REST-API.md;33
Report_Gateway.md;164
Report_Gauhati-University.md;2
Report_Geetanjali-University,-Udaipur.md;2
Report_General-Administration-Departm.md;6
Report_Genomics-API.md;17
Report_Geocoder-REST-API.md;69
Report_GeoDataSource-Location-Search.md;3
Report_GeoDB-Cities-API.md;28
Report_geodesystems.com443.md;916
Report_Geographic-API.md;4
Report_GeoMark-Web-Service-REST-API.md;46
Report_Georg-API.md;3
Report_Getty-Images.md;281
Report_Giphy-API.md;66
Report_Gisgraphy-webservices.md;40
Report_Gitlab.md;832
Report_GKE-Hub-API.md;38
Report_GlobalWineScore-API-Documentat.md;10
Report_Gmail-API.md;212
Report_Gmail-Postmaster-Tools-API.md;7
Report_GMCH,-Chandigarh.md;2
Report_Go-Digit-General-Insurance-Ltd..md;4
Report_Goa-State-Board-of-Secondary-a.md;2
Report_Goa-Water-Resources-Department.md;5
Report_Golf-v2.md;25
Report_Google-Analytics-Admin-API.md;149
Report_Google-Analytics-API.md;113
Report_Google-Analytics-Data-API.md;24
Report_Google-API.md;16
Report_Google-Chat-API.md;14
Report_Google-Civic-Information-API.md;6
Report_Google-Classroom-API.md;106
Report_Google-Cloud-Data-Catalog-API.md;54
Report_Google-Cloud-Deploy-API.md;61
Report_Google-Cloud-Memorystore-for-R.md;33
Report_Google-Cloud-Support-API.md;29
Report_Google-Docs-API.md;10
Report_Google-Forms-API.md;22
Report_Google-Home.md;94
Report_Google-Mirror.md;29
Report_Google-My-Business-API.md;85
Report_Google-OAuth2-API.md;7
Report_Google-Pay-Passes-API.md;169
Report_Google-Play-Android-Developer-.md;262
Report_Google-Play-Custom-App-Publish.md;4
Report_Google-Play-Developer-Reportin.md;16
Report_Google-Play-EMM-API.md;202
Report_Google-Play-Game-Management.md;74
Report_Google-Play-Game-Services-Publ.md;18
Report_Google-Play-Game-Services.md;78
Report_Google-Play-Integrity-API.md;5
Report_Google-Search-Console-API.md;26
Report_Google-Sheets-API.md;59
Report_Google-Site-Verification-API.md;10
Report_Google-Slides-API.md;14
Report_Google-Vault-API.md;66
Report_Google-Workspace-Alert-Center-.md;26
Report_Google-Workspace-Reseller-API.md;52
Report_GoToMeeting.md;46
Report_GoToTraining.md;70
Report_GoToWebinar.md;117
Report_GOV.UK-Pay-API.md;24
Report_GraphHopper-Directions-API.md;25
Report_GraphRbacManagementClient.md;124
Report_Greater-Chennai-Corporation,-T.md;3
Report_Greenwire-Public-API.md;1
Report_groov-View-Public-API.md;34
Report_Groundwater-Wells,-Aquifers-an.md;72
Report_Groups-Migration-API.md;3
Report_Groups-Settings-API.md;4
Report_Growth-Services.md;109
Report_Guest-Diagnostic-Settings-Asso.md;14
Report_Guest-Diagnostic-Settings.md;15
Report_GuestConfiguration.md;5
Report_Gujarat-Vidyapith,-Ahmedabad.md;2
Report_HackathonWatch.md;27
Report_HanaManagementClient.md;26
Report_Handwrytten-API.md;54
Report_Hardware-Sentry-TrueSight-Pres.md;91
Report_Haryana-State-Board-of-School-.md;3
Report_Haryana-State-Board-of-Technic.md;2
Report_HDInsightJobManagementClient.md;26
Report_HDInsightManagementClient.md;18
Report_Health-Data-Consent-Manager.md;77
Report_Health-ID-Service.md;390
Report_Health-Repository-Provider-Spe.md;109
Report_Healthcare.md;34
Report_HealthcareApisClient.md;22
Report_HERE-Network-Positioning-API-v2.md;5
Report_hetras-Booking-API-Version-0.md;160
Report_hetras-Hotel-API-Version-0.md;171
Report_Hetzner-Cloud-API.md;212
Report_HHS-Media-Services-API.md;200
Report_High-Performance-Building-Data.md;9
Report_Highways-England-API.md;40
Report_Himachal-Pradesh-Board-of-Scho.md;3
Report_Himachal-Pradesh-Department-of.md;20
Report_Himachal-Pradesh-Takniki-Shiks.md;2
Report_HomeGraph-API.md;19
Report_House-of-Commons-Oral-and-Writ.md;6
Report_HP-Staff-Selection-Commission-.md;3
Report_HP-Swasthya-Bima-Yojna-Society.md;2
Report_httpbin.org.md;211
Report_Hubhopper-Partner-Integration-.md;21
Report_HubSpot-Events-API.md;4
Report_HybridComputeManagementClient.md;29
Report_HybridDataManagementClient.md;69
Report_Hydra-Movies.md;11
Report_HyperDrive.md;7
Report_IAM-Service-Account-Credential.md;13
Report_IBKR-3rd-Party-Web-API.md;90
Report_IBM-Containers-API.md;183
Report_ICICI-Lombard-GIC-Ltd..md;9
Report_ICICI-Prudential-Life-Insuranc.md;3
Report_Idea-Hub-API.md;5
Report_IdealSpot-GeoData.md;9
Report_Identity-and-Access-Management.md;8
Report_Identity-API.md;6
Report_Identity-Toolkit-API.md;70
Report_IllumiDesk.md;329
Report_Image-Moderation.md;4
Report_Image-Search-Client.md;9
Report_import.io.md;5
Report_Importer-Exporter-Details-API.md;2
Report_Incidents.md;13
Report_Income-Tax-Department.md;2
Report_Indexing-API.md;7
Report_Indian-Navy-(INS-Valsura).md;3
Report_Infermedica-API.md;29
Report_InfrastructureInsightsManageme.md;7
Report_Ink-Recognizer-Client.md;4
Report_Instagram-API.md;40
Report_InstanceMetadataClient.md;3
Report_Institute-of-Company-Secretari.md;3
Report_Intel-Product-Catalogue-Service.md;19
Report_Interzoid-City-Data-Standardiz.md;7
Report_Interzoid-Convert-Currency-Rat.md;7
Report_Interzoid-Country-Data-Standar.md;7
Report_Interzoid-Get-Address-Match-Si.md;6
Report_Interzoid-Get-Area-Code-API.md;8
Report_Interzoid-Get-Area-Code-From-N.md;8
Report_Interzoid-Get-City-Match-Simil.md;7
Report_Interzoid-Get-Company-Name-Mat.md;7
Report_Interzoid-Get-Country-Match-Si.md;7
Report_Interzoid-Get-Currency-Rate-API.md;8
Report_Interzoid-Get-Email-Informatio.md;8
Report_Interzoid-Get-Full-Name-Match-.md;7
Report_Interzoid-Get-Full-Name-Parsed.md;7
Report_Interzoid-Get-Global-Phone-Num.md;8
Report_Interzoid-Get-Global-Time-API.md;8
Report_Interzoid-Get-Weather-By-Zip-C.md;8
Report_Interzoid-Get-Weather-City-API.md;8
Report_Interzoid-Global-Page-Load-Per.md;7
Report_Interzoid-State-Data-Standardi.md;7
Report_Interzoid-Zip-Code-Detailed-In.md;7
Report_IntuneResourceManagementClient.md;61
Report_Inventory-Management.md;16
Report_IoEÂ²-IoT-API---to-create-end-u.md;94
Report_iotDpsClient.md;47
Report_iotHubClient.md;77
Report_IoTSpacesClient.md;22
Report_IoTVAS-API.md;38
Report_IP-geolocation-API.md;3
Report_IP2Location-IP-Geolocation.md;3
Report_IP2Proxy-Proxy-Detection.md;3
Report_IP2WHOIS-Domain-Lookup.md;1
Report_ipTwist.md;4
Report_iQualify-Management-API.md;49
Report_ISBNdb-API.md;34
Report_Issuing-Balance-Platform-API.md;2
Report_Item-API.md;16
Report_IX-API.md;392
Report_Jawaharlal-Nehru-Rajkeeya-Maha.md;2
Report_Jaypee-University-Of-Informati.md;2
Report_Jellyfin-API.md;1287
Report_Jharkhand-State-Board-(Jharkha.md;5
Report_Jharsewa-(eDistrict),-Jharkhand.md;9
Report_JIRA-7.6.1.md;810
Report_Jirafe-Events.md;38
Report_Joint-Entrance-Examination-Cou.md;3
Report_Jokes-One-API.md;14
Report_journy.io-API-docs.md;17
Report_JSON-storage.md;1
Report_Jumpseller-API.md;219
Report_Just-Eat-UK.md;206
Report_Karnataka-Department-of-Transp.md;3
Report_Karnataka-Industrial-Areas-Dev.md;9
Report_Karnataka-Secondary-Education-.md;2
Report_Karnataka-State-Board-(Departm.md;2
Report_KERALA-PUBLIC-SERVICE-COMMISSI.md;2
Report_Kerala-State-Board-of-Public-E.md;2
Report_Keycloak-Admin-REST-API.md;1070
Report_KeyServ.md;29
Report_KeyVaultClient.md;70
Report_KeyVaultManagementClient.md;3
Report_Knowledge-Graph-Search-API.md;3
Report_koomalooma-Partner-API.md;8
Report_Kotak-Mahindra-General-Insuran.md;8
Report_Krishna-Kanta-Handique-State-O.md;3
Report_Kubernetes-Engine-API.md;171
Report_KustoManagementClient.md;63
Report_KYC-API-Documentation.md;223
Report_Labour-Employment,-Skill-Devel.md;2
Report_Labour-Resource-Department,-Bi.md;8
Report_Labs64-NetLicensing-RESTful-AP.md;227
Report_LambdaTest-Screenshots-API-Doc.md;5
Report_Language-Identification-(Predi.md;4
Report_Language-Understanding-Intelli.md;5
Report_LanguageTool-API.md;9
Report_LaunchDarkly-REST-API.md;266
Report_Learnifier.md;44
Report_LetMC-Api-V2,-Basic-(Tier-2).md;98
Report_LetMC-Api-V2,-Free-(Tier-1).md;95
Report_LetMC-Api-V3,-reporting.md;12
Report_LGTM-API-specification.md;45
Report_LH-Partner-API.md;58
Report_LH-Public-API.md;39
Report_Library-Agent-API.md;13
Report_Life-Insurance-Corporation-of-.md;3
Report_link.fish-API.md;18
Report_Listen-API-Podcast-Search--D.md;124
Report_Listing-API.md;8
Report_Local-Search-Client.md;6
Report_Local-Services-API.md;8
Report_Locations-API.md;9
Report_Locations.md;11
Report_LogicAppsManagementClient.md;60
Report_LogicManagementClient.md;240
Report_Logistics-API.md;38
Report_LoL-v3-Projections.md;6
Report_LoL-v3-Scores.md;28
Report_LoL-v3-Stats.md;35
Report_LotaData.md;5
Report_LUIS-Authoring-Client.md;212
Report_LUIS-Programmatic.md;127
Report_Lumminary-API.md;43
Report_Lyft.md;21
Report_M-Bus-HTTPD-API.md;37
Report_Machine-Learning-Compute-Manag.md;20
Report_Machine-Learning-Workspaces-Ma.md;22
Report_Madhya-Pradesh-Medical-Science.md;5
Report_Magento-B2B.md;549
Report_Maharashtra-Council-of-Indian-.md;3
Report_Maharashtra-State-Board-of-Sec.md;5
Report_MailboxValidator-Disposable-Em.md;5
Report_MailboxValidator-Email-Validat.md;5
Report_MailboxValidator-Free-Email-Ch.md;5
Report_Mailscript.md;60
Report_Mailsquad.md;8
Report_MaintenanceManagementClient.md;28
Report_Managed-Service-for-Microsoft-.md;73
Report_Managed-Streaming-for-Kafka.md;262
Report_ManagedLabsClient.md;160
Report_ManagedNetworkManagementClient.md;43
Report_ManagedServiceIdentityClient.md;16
Report_ManagedServicesClient.md;26
Report_Management-Groups.md;10
Report_ManagementLinkClient.md;14
Report_ManagementLockClient.md;37
Report_Manav-Rachna-International-Ins.md;2
Report_Mandrill.md;379
Report_Manufacturer-Center-API.md;13
Report_Maps.md;88
Report_MariaDBManagementClient.md;15
Report_Marketcheck-APIs.md;122
Report_Marketing-Events-Extension.md;33
Report_Marketplace-RP-Service.md;14
Report_MarketplaceOrdering.Agreements.md;18
Report_MasterCard-ABU-API.md;6
Report_MasterCard-Bin-Table-Listing.md;2
Report_MATCH-API.md;17
Report_Max-Life-Insurance-Co.-Ltd..md;3
Report_MDES-Customer-Service.md;30
Report_Meark-Enterprise-Pvt.-Ltd..md;3
Report_Medcorder-Nearby-Doctor-API.md;1
Report_Media-API.md;4
Report_MediaServicesManagementClient.md;26
Report_Meghalaya-Board-of-School-Educ.md;3
Report_Members-API.md;166
Report_Merchant-Identifier-API-V2.md;2
Report_Meshery-API..md;217
Report_Metadata.md;94
Report_Miataru.md;12
Report_Microsoft-Insights.md;16
Report_Microsoft-NetApp.md;106
Report_Microsoft-Storage-Sync.md;111
Report_Microsoft.ResourceHealth.md;40
Report_Microsoft.Support.md;37
Report_MicrosoftSerialConsoleClient.md;10
Report_Migrate-to-Virtual-Machines-API.md;66
Report_MIMIC-REST-API.md;1325
Report_Ministry-of-Petroleum-and-Natu.md;3
Report_Ministry-of-Road-Transport-and.md;6
Report_Ministry-of-Skill-Development-.md;2
Report_Mixed-Reality.md;16
Report_Mizoram-Police,-Mizoram.md;2
Report_Mizoram-State-Board-of-School-.md;5
Report_ML-Team-Account-Management-Cli.md;34
Report_MLB-v3-Play-by-Play.md;6
Report_MLB-v3-Projections.md;13
Report_MLB-v3-RotoBaller-Articles.md;8
Report_MLB-v3-RotoBaller-Premium-News.md;8
Report_MLB-v3-Scores.md;28
Report_MLB-v3-Stats.md;46
Report_Mobility-API.md;3
Report_Mon-voyage-pas-cher.com-Public.md;26
Report_MonitorManagementClient.md;6
Report_Moon-by-Ai-Weiwei--Olafur-Eli.md;10
Report_Most-Popular-API.md;14
Report_MotaWord-API.md;443
Report_Motor-Vehicle-Department,-Kera.md;3
Report_Motor-Vehicle-Department,-Maha.md;3
Report_Motor-Vehicle-Department,-Naga.md;3
Report_Motor-Vehicle-Department,-Odis.md;3
Report_Movie-Reviews-API.md;10
Report_Mtaa-API-Documentation.md;18
Report_Musixmatch-API.md;49
Report_My-Business-Account-Management.md;13
Report_My-Business-Business-Calls-API.md;3
Report_My-Business-Business-Informati.md;23
Report_My-Business-Lodging-API.md;6
Report_My-Business-Notifications-API.md;2
Report_My-Business-Place-Actions-API.md;4
Report_My-Business-QA-API.md;10
Report_My-Business-Verifications-API.md;13
Report_MySQLManagementClient.md;15
Report_Name-Generation-API.md;2
Report_NASCAR-v2.md;10
Report_National-e-Governance-Division.md;2
Report_National-Health-Authority.md;2
Report_National-Institute-of-Electron.md;3
Report_National-Institute-of-Open-Sch.md;7
Report_National-Institute-Of-Technolo.md;2
Report_National-Insurance-Company-Ltd..md;12
Report_National-Skill-Development-Cor.md;4
Report_Native-Ads-Publisher-API.md;7
Report_NaviPlan-API.md;350
Report_NBA-Stats-API.md;452
Report_NBA-v3-Play-by-Play.md;6
Report_NBA-v3-Projections.md;16
Report_NBA-v3-RotoBaller-Articles.md;8
Report_NBA-v3-RotoBaller-Premium-News.md;8
Report_NBA-v3-Scores.md;34
Report_NBA-v3-Stats.md;43
Report_NCERT.md;2
Report_Neblio-REST-API-Suite.md;69
Report_Negotiation-API.md;13
Report_NeoWs---(Near-Earth-Object-Web.md;30
Report_Net-API.md;5
Report_NetBox-API.md;711
Report_Network-Connectivity-API.md;32
Report_Network-Management-API.md;29
Report_Network-Security-API.md;63
Report_Network-Services-API.md;48
Report_NetworkAdminManagementClient.md;4
Report_NetworkExperiments.md;34
Report_NetworkManagementClient.md;10
Report_New-India-Assurance-Co.-Ltd..md;9
Report_News-Search-Client.md;7
Report_Nexmo-Application-API.md;0
Report_Nexmo-Conversion-API.md;12
Report_nextAuth-API.md;149
Report_NFL-v3-Play-by-Play.md;6
Report_NFL-v3-Projections.md;21
Report_NFL-v3-RotoBaller-Articles.md;8
Report_NFL-v3-RotoBaller-Premium-News.md;9
Report_NFL-v3-Scores.md;55
Report_NFL-v3-Stats.md;102
Report_nFusion-Solutions-Market-Data-.md;53
Report_NHL-v3-Play-by-Play.md;6
Report_NHL-v3-Projections.md;11
Report_NHL-v3-Scores.md;29
Report_NHL-v3-Stats.md;41
Report_NIESBUD.md;2
Report_NLPCloud.md;23
Report_Noosh-API-application.md;100
Report_Notebooks-API.md;108
Report_NotificationHubsManagementClie.md;64
Report_Notion-API---Public-Beta.md;14
Report_NOWPayments-API.md;28
Report_NPR-Authorization-Service.md;6
Report_NPR-Identity-Service.md;7
Report_NPR-Listening-Service.md;11
Report_NPR-Sponsorship-Service.md;3
Report_NPR-Station-Finder-Service.md;2
Report_NSIDC-Web-Service-Documentatio.md;11
Report_Ntropy-Transaction-API.md;6
Report_Number-Insight-API.md;6
Report_Numbers-API.md;4
Report_OAuthService.md;7
Report_obono-RKSV-API.md;75
Report_ocrapi.md;46
Report_ODN-API.md;13
Report_ODWeather.md;59
Report_OMDb.md;0
Report_On-Demand-Scanning-API.md;18
Report_OnSched-API-Utility.md;5
Report_OnSched-API.md;344
Report_OOXML-Automation.md;378
Report_Open-Banking---Payments-initia.md;26
Report_Open-Data-API.md;5
Report_Open-Policy-Agent-(OPA)-REST-A.md;16
Report_Open-Skills-API.md;14
Report_Open-Targets-Platform-REST-API.md;72
Report_OpenALPR-CarCheck-API.md;7
Report_OpenAPI-space.md;48
Report_OpenAQ.md;53
Report_OpenCage-Geocoder.md;4
Report_OpenChannel-Market-API.md;226
Report_opendatasoft.md;85
Report_OpenFEC.md;501
Report_OpenFIGI-API.md;2
Report_OpenFinTech.io.md;22
Report_OpenTrials-API.md;23
Report_OpenUV---Global-Real-Time-UV-I.md;1
Report_Orbit-API.md;58
Report_Orders-API.md;30
Report_Organization-Policy-API.md;17
Report_OrgHunter.md;25
Report_OS-Config-API.md;39
Report_OSDB-REST-API-v1.md;16
Report_OSF-APIv2-Documentation.md;220
Report_Otoroshi-Admin-API.md;382
Report_Owler.md;89
Report_Oxford-Dictionaries.md;66
Report_paccurate.io.md;4
Report_PageSpeed-Insights-API.md;3
Report_Panchayati-Raj-Department,-Him.md;2
Report_PandaScore-REST-API-for-All-Vi.md;10
Report_Pandorabots-AIaaS.md;41
Report_papiNet-API.md;1
Report_Paramedical-Council,-Madhya-Pr.md;3
Report_PasswordUtility.Web.md;1
Report_Patchman-engine-API.md;140
Report_PatientView.md;66
Report_Paylocity-API.md;141
Report_Payment-Account-Reference-Inqu.md;6
Report_Payments-Reseller-Subscription.md;21
Report_PAYONE-Link-API.md;8
Report_PDF-Blocks-API.md;53
Report_PDF-Generator-API.md;6
Report_PdfBroker.io-API.md;32
Report_Peel-Tune-in-API.md;19
Report_PeeringManagementClient.md;79
Report_Pendo-Feedback-API.md;78
Report_People-API.md;73
Report_Personalized-Offers.md;11
Report_Personalizer-Client.md;23
Report_Personnel-Data.md;6
Report_Perspective-Comment-Analyzer-A.md;7
Report_PGIMER,-Chandigarh.md;2
Report_PhantAuth.md;6
Report_PI-Web-API-2018-SP1-Swagger-Sp.md;336
Report_Pims.md;11
Report_Pirates-API.md;9
Report_Platform-API.md;52
Report_Playable-Locations-API.md;6
Report_PocketSmith.md;78
Report_Poemist-API.md;4
Report_Policy-Analyzer-API.md;5
Report_Policy-Simulator-API.md;3
Report_Policy-Troubleshooter-API.md;6
Report_PolicyClient.md;26
Report_PolicyEventsClient.md;35
Report_PolicyMetadataClient.md;8
Report_PolicyStatesClient.md;64
Report_PolicyTrackedResourcesClient.md;16
Report_Polling-Places-API.md;3
Report_Poly-API.md;5
Report_Polygon.md;31
Report_portal.md;16
Report_Portfolio-Optimizer.md;200
Report_PostgreSQLManagementClient.md;5
Report_Postman-API.md;17
Report_Postmark-Account-level-API.md;35
Report_Postmark-API.md;61
Report_Power-BI-Embedded-Management-C.md;17
Report_PowerBIDedicated.md;34
Report_PowerDNS-Authoritative-HTTP-API.md;52
Report_PowerTools-Developer.md;191
Report_Pramerica-Life-Insurance-Ltd..md;3
Report_Price-Management.md;11
Report_Pricing-API.md;12
Report_Prime-ReportStream.md;30
Report_PrivateDnsManagementClient.md;21
Report_Probely-Developers.md;229
Report_Product-Finder-API.md;20
Report_Profile.md;21
Report_Progress-to-Rate-Limit-API.md;12
Report_Provider-API-Client.md;11
Report_Proximity-Beacon-API.md;44
Report_Psycholinguistic-Text-Analytics.md;10
Report_PTV-Timetable-API---Version-3.md;34
Report_Public-Api.md;163
Report_Public-Health-Engineering-Depa.md;4
Report_Punjab-School-Education-Board,.md;7
Report_Punjab-State-eGovernance-Socie.md;10
Report_QnAMaker-Client.md;26
Report_QnAMaker-Runtime-Client.md;6
Report_Qualpay-Payment-Gateway-API.md;23
Report_Qualtrics-API.md;10
Report_Quick-start---Telematics-SDK.md;21
Report_Quicksold-REST-API.md;5
Report_Radio--Music-Services.md;31
Report_Rail-Station-Information.md;25
Report_Rajasthan-Board-of-Secondary-E.md;3
Report_Random-Lottery-Number-generato.md;3
Report_Random-Lovecraft.md;1
Report_Randommer-API.md;83
Report_Rat-Genome-Database-REST-API.md;569
Report_RAWG-Video-Games-Database-API.md;10
Report_Real-time-Bidding-API.md;10
Report_Real-Time-Bus-Predictions.md;4
Report_Real-Time-Rail-Predictions.md;7
Report_Rebilly-REST-API.md;89
Report_reCAPTCHA-Enterprise-API.md;32
Report_Recommendation-API.md;5
Report_Recommendations-AI-(Beta).md;41
Report_Recommendations-API-Client.md;47
Report_Recommender-API.md;26
Report_RecoveryServicesBackupClient.md;4
Report_RecoveryServicesClient.md;5
Report_Redact-API.md;1
Report_Redeal-Analytics-API.md;3
Report_redirection.io.md;254
Report_RedisManagementClient.md;62
Report_Redshift-Data-API-Service.md;64
Report_Refuge-Restrooms-API.md;17
Report_Regulations.gov.md;19
Report_Reimbursements-API.md;8
Report_Reisezentren-API.md;5
Report_Relay.md;69
Report_Reliance-General-Insurance-Com.md;8
Report_RemediationsClient.md;62
Report_Remote-Build-Execution-API.md;14
Report_Remote-Diagnostic-Support.md;12
Report_Remote-Settings.md;31
Report_Replica-Pool.md;18
Report_Reports-API.md;3
Report_rePower.md;4
Report_Request-Baskets-API.md;53
Report_Resource-Settings-API.md;6
Report_ResourceHealthMetadata-API-Cli.md;16
Report_ResourceManagementClient.md;196
Report_RESTful4Up.md;17
Report_Retail-API.md;126
Report_Revenue,-Registration--Land-R.md;4
Report_Revenue--Disaster-Management-.md;2
Report_Revenue-Department,-Odisha.md;3
Report_Revenue-Department---Land-Reco.md;5
Report_reverb.md;515
Report_Ritc.md;93
Report_RiteKit-API.md;23
Report_Rotten-Tomatoes.md;148
Report_Routing.md;59
Report_Run-History-APIs.md;105
Report_RunCommandsClient.md;12
Report_Runscope-API.md;47
Report_rv-API.md;5
Report_Safe-Browsing-API.md;16
Report_Sailu-Municipal-Council,-Mahar.md;2
Report_Sakari.md;54
Report_Sandbox-API.md;9
Report_SAS-Portal-API-(Testing).md;55
Report_SAS-Portal-API.md;55
Report_SBI-General-Insurance-Company-.md;7
Report_SchedulerManagementClient.md;23
Report_Schemas.md;230
Report_SchoolDigger-API-V1.md;9
Report_SCIM.md;104
Report_Scrape-Website-Email-API.md;18
Report_SeaBreezeManagementClient.md;96
Report_Search-Ads-360-API.md;31
Report_Search-Console-API.md;17
Report_Search-Services.md;8
Report_Search.md;194
Report_SearchIndexClient.md;15
Report_SearchLy-API-v1.md;6
Report_SearchManagementClient.md;40
Report_SearchServiceClient.md;32
Report_Secret-Manager-API.md;43
Report_Security-Center.md;10
Report_Security-Command-Center-API.md;7
Report_Security-Insights.md;27
Report_Security-Token-Service-API.md;2
Report_SEDRA-IV-API.md;2
Report_Seldon-External-API.md;5
Report_SelectPdf-HTML-To-PDF-API.md;6
Report_Self-Service-Developer-API.md;5
Report_Seller-Service-Metrics-API.md;25
Report_Semantic-API.md;7
Report_Semantic-Tile-API.md;2
Report_Semantria.md;240
Report_Send-Person-to-Merchant.md;29
Report_ServerManagement.md;74
Report_Service-Broker.md;34
Report_Service-Consumer-Management-API.md;14
Report_Service-Control-API.md;7
Report_Service-Directory-API.md;32
Report_Service-Management-API.md;47
Report_Service-Map.md;53
Report_Service-Networking-API.md;16
Report_Service-Quotas.md;202
Report_Service-Usage-API.md;37
Report_ServiceBusManagementClient.md;41
Report_ServiceFabricManagementClient.md;24
Report_Sessions-API.md;2
Report_setlist.fm-API.md;23
Report_Shakespeare-API.md;7
Report_SharedImageGalleryServiceClient.md;52
Report_SheerSEO-API.md;9
Report_shinobiapi.md;118
Report_shipstation.md;1
Report_Shorten.REST-API-Documentation.md;12
Report_Shotstack.md;6
Report_SignalRManagementClient.md;32
Report_SIGNL4-API.md;157
Report_SimplyRETS.md;3
Report_SiriKit-Cloud-Media.md;14
Report_SiteRecoveryManagementClient.md;426
Report_Slack-Web-API.md;482
Report_Slicebox-API.md;169
Report_SlideRoom-API-V2.md;14
Report_Smart-Device-Management-API.md;12
Report_smart-me.md;87
Report_Smartphone-Test-Farm.md;16
Report_sms77.io-API.md;22
Report_Snyk-API.md;92
Report_Soccer-v3-Projections.md;11
Report_Soccer-v3-Scores.md;37
Report_Soccer-v3-Stats.md;49
Report_Social-Justice-and-Empowerment.md;2
Report_Socio-demo-API.md;2
Report_Software-Plan-RP.md;19
Report_Solar-VPS.md;79
Report_Sonar-Trading.md;17
Report_SoundCloud-Public-API-Specific.md;59
Report_SpectroCoin-Merchant.md;3
Report_Spell-Check-Client.md;5
Report_Spending-Pulse.md;3
Report_Spinitron-v2-API.md;14
Report_SportsData-API.md;14
Report_SqlManagementClient.md;17
Report_SqlVirtualMachineManagementCli.md;40
Report_Square-Connect-API.md;455
Report_Stackdriver-Profiler-API.md;9
Report_StackExchange.md;1376
Report_Starwars-Translations-API.md;14
Report_State-Transport-Department,-Te.md;3
Report_Stationsdatenbereitstellung.md;3
Report_Stats.md;151
Report_Stoplight.md;8
Report_Storage-Cache-Mgmt-Client.md;36
Report_Storage-Transfer-API.md;30
Report_StorageImportExport.md;25
Report_StorageManagementClient.md;6
Report_Storecove-API.md;134
Report_Storm-Glass-Marine-Weather.md;5
Report_StorSimple8000SeriesManagement.md;216
Report_StorSimpleManagementClient.md;221
Report_StreamAnalyticsManagementClient.md;6
Report_Street-View-Publish-API.md;37
Report_Subaccounts-API.md;9
Report_SubscriptionClient.md;35
Report_SubscriptionDefinitionsClient.md;17
Report_Subscriptions.md;13
Report_SubscriptionsManagementClient.md;5
Report_Superset.md;830
Report_Swagger-API-REST-for-Patrowl-E.md;17
Report_Swagger-API2Cart.md;558
Report_Swagger2OpenAPI-Converter.md;4
Report_Swiss-NextGen-Banking-API-Fram.md;208
Report_SYNQ-Video.md;11
Report_Synthetics.md;109
Report_Tafqit.md;1
Report_Tag-Manager-API.md;134
Report_Tamil-Nadu-State-Board-(Tamil-.md;3
Report_Tasks-API.md;26
Report_Tata-AIA-Life-Insurance-Co.-Lt.md;5
Report_Tata-AIG-General-Insurance-Com.md;3
Report_Taunt-as-a-service.md;2
Report_Taxamo.md;130
Report_Taxonomy-API.md;58
Report_Taxrates.io-API.md;7
Report_TechPort.md;8
Report_Telegram-Bot-API.md;66
Report_Telnyx-API.md;1027
Report_Text-Analytics-Client.md;12
Report_The-Consumer-Financial-Protect.md;15
Report_The-Jira-Cloud-platform-REST-A.md;1649
Report_The-Mercure-protocol.md;16
Report_The-Noun-Project.md;30
Report_The-Oriental-Insurance-Co.-Ltd..md;13
Report_The-Punjab-State-Board-of-Tech.md;2
Report_The-Water-Linked-Underwater-GP.md;73
Report_TheTVDB-API-v3.md;18
Report_They-Said-So-Quotes-API.md;49
Report_ticketmaster-publish-api.md;22
Report_Times-Newswire-API.md;10
Report_TimeSeriesInsightsClient.md;40
Report_TimesTags-API.md;3
Report_TinyUID.com.md;1
Report_Tisane-API-Documentation.md;5
Report_Top-Stories.md;3
Report_TopLevelDomains-API-Client.md;10
Report_topupsapi.md;3
Report_Tradematic-Cloud-API.md;106
Report_Tradeworks.md;21
Report_Traffic-Director-API.md;6
Report_TrafficManagerManagementClient.md;9
Report_Transcoder-API.md;10
Report_Transform.md;7
Report_TransitFeeds-API.md;5
Report_Translation-API.md;3
Report_Transport-Department,-Andaman-.md;3
Report_Transport-Department,-Andhra-.md;3
Report_Transport-Department,-Arunacha.md;3
Report_Transport-Department,-Assam.md;3
Report_Transport-Department,-Bihar.md;3
Report_Transport-Department,-Chhattis.md;3
Report_Transport-Department,-Dadra--.md;3
Report_Transport-Department,-Daman--.md;3
Report_Transport-Department,-Delhi.md;3
Report_Transport-Department,-Goa.md;3
Report_Transport-Department,-Gujarat.md;3
Report_Transport-Department,-Haryana.md;3
Report_Transport-Department,-Himachal.md;3
Report_Transport-Department,-Jammu--.md;3
Report_Transport-Department,-Jharkhand.md;3
Report_Transport-Department,-Lakshadw.md;3
Report_Transport-Department,-Madhya-P.md;3
Report_Transport-Department,-Manipur.md;3
Report_Transport-Department,-Meghalaya.md;3
Report_Transport-Department,-Mizoram.md;3
Report_Transport-Department,-Puducher.md;3
Report_Transport-Department,-Punjab.md;3
Report_Transport-Department,-Rajasthan.md;3
Report_Transport-Department,-Sikkim.md;3
Report_Transport-Department,-Tamil-Na.md;3
Report_Transport-Department,-Tripura.md;3
Report_Transport-Department,-Uttar-Pr.md;3
Report_Transport-Department,-Uttarakh.md;3
Report_Transport-Department,-West-Ben.md;3
Report_Transport-for-London-Unified-A.md;123
Report_Transportation-Laws-and-Incent.md;19
Report_TrapStreet-API.md;2
Report_Trello.md;1182
Report_Tripura-State-Board-of-Seconda.md;2
Report_TruAnon-Private-API.md;13
Report_TSAPI.md;8
Report_Turbine-Labs-API.md;65
Report_TV-API.md;23
Report_TVmaze-user-API.md;128
Report_Twilio---Fax.md;10
Report_Twitter-API.md;469
Report_U.S.-EPA-Enforcement-and-Compl.md;20
Report_UCO-Bank.md;2
Report_uebermaps-API-endpoints.md;15
Report_UGC.md;23
Report_UK-Parliament-Search-Service.md;1
Report_United-India-Insurance-Company.md;3
Report_University-Of-Delhi.md;2
Report_Up-API.md;23
Report_UP-State-Board-of-High-School-.md;3
Report_UP-State-Council-of-Vocational.md;3
Report_Update-Management.md;7
Report_UpdateAdminClient.md;13
Report_UsageManagementClient.md;6
Report_User-API.md;5
Report_Users-(Okta-API).md;64
Report_Uttarakhand-State-Board-of-Sch.md;4
Report_UUID-Generation-API.md;5
Report_VA-Facilities.md;3
Report_VA-Forms.md;2
Report_VAT-API.md;27
Report_Veer-Surendra-Sai-University-O.md;2
Report_Vehicle-Enquiry-API.md;3
Report_Vehicle-Image.md;27
Report_versionhistory.googleapis.com-.md;5
Report_Vestorly-API.md;78
Report_Veteran-Confirmation.md;4
Report_VictorOps.md;429
Report_Video-Search-Client.md;9
Report_Vimeo.md;493
Report_VirtualMachineImageTemplate.md;27
Report_VirtualWANAsAServiceManagement.md;114
Report_VisageCloud.md;246
Report_VisibleThread-API.md;36
Report_Visitor-Identification.md;5
Report_Visual-Search-Client.md;5
Report_Visual-Studio-Projects-Resourc.md;11
Report_Visual-Studio-Resource-Provide.md;43
Report_VM-Insights-Onboarding.md;4
Report_VMwareCloudSimple.md;76
Report_Vonage-Integration-Suite.md;110
Report_Voodoo-Manufacturing-3D-Print-.md;23
Report_vRealize-Network-Insight-API-R.md;701
Report_vs-API.md;5
Report_VSOnline.md;518
Report_watchful.li.md;150
Report_Wayback-API.md;5
Report_Weatherbit.io---Swagger-UI-Wea.md;96
Report_Web-Fonts-Developer-API.md;2
Report_Web-Risk-API.md;18
Report_Web-Search-Client.md;4
Report_Web-Security-Scanner-API.md;22
Report_WebApplicationFirewallManageme.md;13
Report_Webhooks-API.md;15
Report_WebSite-Management-Client.md;718
Report_WeGA-API.md;4
Report_WhatsApp-Business-API.md;108
Report_Where-to-Credit-API.md;11
Report_Who-Hosts-This-API.md;9
Report_Wikimedia.md;54
Report_WikiPathways-Webservices.md;77
Report_windowsesu.md;17
Report_WINSMS.md;18
Report_Word-Associations-API.md;9
Report_Wordnik.md;51
Report_WorkBC-Job-Posting-API.md;3
Report_WorkbookClient.md;4
Report_Workflow-Executions-API.md;10
Report_Workflows-API.md;12
Report_Workload-Monitor.md;32
Report_World-Time-API.md;9
Report_Wowza-Streaming-Cloud-REST-API.md;125
Report_Written-Questions-Service-API.md;17
Report_www.zoomconnect.com.md;288
Report_Xero-Accounting-API.md;465
Report_Xero-Assets-API.md;15
Report_Xero-Bank-Feeds-API.md;22
Report_Xero-Files-API.md;25
Report_Xero-OAuth-2-Identity-Service-.md;5
Report_Xero-Payroll-AU-API.md;64
Report_XKCD.md;6
Report_YNAB-API-Endpoints.md;41
Report_Yodlee-Core-APIs.md;323
Report_YouTube-Analytics-API.md;1
Report_YouTube-Data-API-v3.md;171
Report_YouTube-Reporting-API.md;15
Report_Zalando-Shop.md;8
Report_Zappiti-Player-API.md;13
Report_ZEIT-API.md;13
Report_Zenoti-API.md;2
Report_Zettle-Product-Library-API.md;74
total violations;172153